"2021-01-16", "SY19", "STL", "AMM", "scheduled" 
"2021-06-19", "F817", "HER", "DLF", "cancelled" 
"2021-06-27", "HRZ12", "WAW", "SUX", "unknown" 
"2021-02-24", "GL19", "DAD", "FSZ", "scheduled" 
"2021-04-26", "BHK96", "SVO", "RAR", "cancelled" 
"2021-10-23", "MDU32", "DAD", "KJA", "active" 
"2021-11-20", "BIR20", "CMB", "SZL", "active" 
"2021-11-05", "TUL21", "RIX", "ANC", "landed" 
"2021-06-14", "PRA27", "FRA", "JUB", "scheduled" 
"2021-02-17", "NJA33", "GLA", "PVD", "scheduled" 
"2021-08-11", "GAS26", "DOH", "LEX", "cancelled" 
"2021-04-16", "WAW95", "GVA", "BAH", "scheduled" 
"2021-04-01", "SE24", "SUX", "HRG", "scheduled" 
"2021-06-06", "HLQ23", "MLU", "PKX", "scheduled" 
"2021-05-15", "B018", "BSL", "CAN", "unknown" 
"2021-11-05", "TAQ31", "OPO", "CAI", "scheduled" 
"2021-02-17", "XP15", "CRP", "HSV", "unknown" 
"2021-06-18", "BC72", "YYT", "KGF", "active" 
"2021-03-22", "RP80", "PIT", "CWL", "unknown" 
"2021-01-10", "DE61", "BOO", "URC", "landed" 
"2021-07-23", "PCL26", "VKO", "BHM", "unknown" 
"2021-08-05", "STF10", "IND", "LEX", "unknown" 
"2021-05-06", "ALD19", "DFW", "SGF", "cancelled" 
"2021-11-13", "BZQ46", "CGO", "BWI", "scheduled" 
"2021-07-21", "RZZ21", "KIN", "ATH", "active" 
"2021-03-09", "SFQ18", "END", "CNF", "scheduled" 
"2021-01-22", "RRT31", "ANC", "MDL", "cancelled" 
"2021-12-27", "ASP27", "FLN", "LUF", "scheduled" 
"2021-06-07", "WWI26", "SJJ", "ROB", "scheduled" 
"2021-07-05", "EIA14", "TER", "DXB", "unknown" 
"2021-08-19", "SMO56", "RST", "ABQ", "unknown" 
"2021-12-25", "NAQ21", "BNE", "BEG", "active" 
"2021-01-17", "TFZ44", "OSL", "SAN", "unknown" 
"2021-11-22", "GAL10", "DNA", "BIL", "cancelled" 
"2021-10-02", "PP24", "STR", "MKE", "scheduled" 
"2021-03-06", "XPQ66", "DOH", "STL", "cancelled" 
"2021-07-18", "LEQ87", "PNH", "KGF", "active" 
"2021-10-16", "HCQ31", "AMM", "DLC", "scheduled" 
"2021-03-12", "JCZ56", "ESB", "IKA", "unknown" 
"2021-08-26", "FE26", "FAO", "GDL", "scheduled" 
"2021-03-27", "ICF14", "WDH", "SZL", "unknown" 
"2021-08-15", "Q724", "TIP", "POZ", "cancelled" 
"2021-05-26", "HSV21", "LXR", "SGN", "landed" 
"2021-04-05", "CMB16", "TLS", "HAJ", "cancelled" 
"2021-07-26", "LLA24", "HAJ", "GSP", "scheduled" 
"2021-11-03", "JX77", "CID", "CAE", "unknown" 
"2021-03-06", "ED32", "LIN", "DBQ", "unknown" 
"2021-10-17", "CAM32", "NCE", "SLC", "active" 
"2021-05-01", "RU11", "LEJ", "ITM", "landed" 
"2021-05-08", "GQ16", "TNR", "SAW", "landed" 
"2021-12-13", "MDU21", "LPL", "SNA", "active" 
"2021-11-26", "GJ27", "LGG", "AFW", "landed" 
"2021-11-21", "MIY53", "BZZ", "TRI", "active" 
"2021-06-01", "H630", "HAM", "CAG", "cancelled" 
"2021-06-18", "OO16", "YYZ", "LBB", "unknown" 
"2021-07-08", "BFG32", "NGO", "KNO", "scheduled" 
"2021-07-17", "LH99", "GUA", "IAD", "cancelled" 
"2021-04-18", "UTQ16", "VKO", "KTM", "landed" 
"2021-02-20", "CSK16", "BMI", "IST", "active" 
"2021-05-07", "SFI20", "TSF", "BEG", "landed" 
"2021-09-19", "TRA13", "OKC", "CWB", "active" 
"2021-05-09", "JER18", "NGO", "TPA", "active" 
"2021-08-28", "CMQ39", "CHS", "PVD", "scheduled" 
"2021-09-03", "CZ32", "CVG", "AUS", "unknown" 
"2021-11-11", "J528", "SJC", "DCA", "scheduled" 
"2021-11-26", "PAI75", "BOJ", "DUS", "scheduled" 
"2021-09-12", "BCQ46", "SKT", "MXP", "cancelled" 
"2021-04-23", "ONQ77", "BNA", "JAX", "scheduled" 
"2021-03-21", "PP26", "YYT", "TRN", "scheduled" 
"2021-05-04", "AVZ91", "DTM", "RST", "cancelled" 
"2021-07-10", "GCQ13", "SYX", "GVA", "landed" 
"2021-11-21", "Q524", "DFW", "GDL", "scheduled" 
"2021-10-11", "PA21", "OKA", "PTP", "landed" 
"2021-11-15", "CB25", "AAP", "LOS", "active" 
"2021-09-25", "KEA21", "TLV", "AGP", "cancelled" 
"2021-10-28", "RIA63", "DAB", "FIH", "scheduled" 
"2021-05-22", "OF21", "MUO", "SFO", "scheduled" 
"2021-06-17", "BY14", "KHH", "BCN", "landed" 
"2021-12-23", "J287", "SHA", "HGH", "active" 
"2021-02-09", "MKQ75", "SHA", "HAM", "unknown" 
"2021-09-06", "LAH29", "YYZ", "DLH", "landed" 
"2021-08-06", "APE35", "CGH", "NCE", "landed" 
"2021-03-11", "DOQ11", "KOJ", "ACC", "cancelled" 
"2021-05-08", "H516", "BLA", "DVO", "scheduled" 
"2021-01-15", "GL21", "KRT", "ADD", "unknown" 
"2021-02-19", "QN29", "SKA", "HKG", "cancelled" 
"2021-11-20", "PZ40", "BOM", "HNL", "scheduled" 
"2021-03-15", "CGA14", "MHZ", "TRN", "scheduled" 
"2021-11-19", "BC28", "LIN", "LBB", "scheduled" 
"2021-08-05", "TJ22", "BJV", "MOB", "unknown" 
"2021-08-13", "EZ12", "DME", "MCO", "unknown" 
"2021-05-09", "TRP24", "FMO", "UIO", "landed" 
"2021-09-05", "CMQ35", "TPA", "HYD", "scheduled" 
"2021-07-05", "MG30", "ISE", "ANC", "unknown" 
"2021-05-06", "HIQ12", "AFW", "SAL", "cancelled" 
"2021-08-02", "V448", "LIR", "MLA", "cancelled" 
"2021-05-10", "RV22", "CBR", "CAN", "cancelled" 
"2021-08-25", "MY37", "OAK", "LYS", "cancelled" 
"2021-03-26", "GKQ56", "TIJ", "JAX", "active" 
"2021-09-22", "SSS12", "AMS", "KTM", "unknown" 
"2021-08-04", "XAY26", "OSL", "JFK", "cancelled" 
"2021-05-21", "KLQ18", "HMO", "ABV", "landed" 
"2021-06-14", "LRQ20", "PUS", "TOS", "scheduled" 
"2021-09-02", "LAN49", "AAL", "PIA", "scheduled" 
"2021-01-08", "LG25", "ABQ", "ZNZ", "unknown" 
"2021-10-23", "VV64", "PMO", "GCLA", "active" 
"2021-06-23", "CSM67", "IND", "OUA", "landed" 
"2021-11-14", "FVA10", "PHX", "ACA", "landed" 
"2021-09-05", "SOP13", "CRW", "BRU", "unknown" 
"2021-01-28", "VI10", "CLT", "ZNZ", "unknown" 
"2021-09-16", "SCN16", "MTY", "CVG", "unknown" 
"2021-05-12", "SOL81", "POZ", "KZN", "scheduled" 
"2021-04-01", "PCQ29", "ANC", "SJJ", "unknown" 
"2021-10-03", "TXY12", "OMA", "IND", "unknown" 
"2021-04-16", "EWA15", "SNA", "RIX", "scheduled" 
"2021-11-26", "BOI16", "TER", "FFD", "landed" 
"2021-04-20", "GX26", "NAP", "DAL", "scheduled" 
"2021-05-07", "SN16", "ALA", "ESB", "active" 
"2021-02-17", "KU77", "BOO", "ERI", "landed" 
"2021-12-02", "MHO42", "BMI", "MCI", "active" 
"2021-12-26", "FSA11", "BCN", "AUH", "landed" 
"2021-08-01", "JCZ23", "HYD", "GBE", "unknown" 
"2021-10-06", "F266", "BRI", "OKO", "scheduled" 
"2021-12-22", "OF67", "SIP", "YOW", "active" 
"2021-04-03", "DWN14", "BRU", "SEA", "cancelled" 
"2021-03-12", "ZIA28", "ORF", "CRW", "landed" 
"2021-02-02", "W832", "PNH", "ADL", "landed" 
"2021-06-13", "XYZ93", "STN", "GRB", "cancelled" 
"2021-03-15", "VIN12", "LED", "KIN", "scheduled" 
"2021-09-16", "GD32", "CTA", "JFK", "scheduled" 
"2021-08-15", "YV19", "LCK", "MBA", "landed" 
"2021-03-10", "MG29", "SZX", "PMO", "landed" 
"2021-09-08", "V812", "DLH", "AUH", "active" 
"2021-03-07", "R211", "SKP", "JAN", "landed" 
"2021-01-11", "J214", "AFW", "CGO", "active" 
"2021-03-24", "KO29", "LXR", "HOU", "landed" 
"2021-12-20", "AMT25", "JAN", "UBN", "unknown" 
"2021-12-26", "EAS13", "CAG", "LUN", "unknown" 
"2021-04-23", "NFA32", "MKE", "GZT", "scheduled" 
"2021-07-23", "SAQ30", "SHJ", "REP", "unknown" 
"2021-11-05", "XBQ16", "DAL", "PBI", "landed" 
"2021-10-10", "UMQ88", "BFS", "CJJ", "landed" 
"2021-06-17", "EFA57", "GSB", "PMI", "active" 
"2021-02-09", "QWE78", "COS", "MRS", "landed" 
"2021-12-27", "GCA10", "SYX", "LUX", "active" 
"2021-11-14", "GE67", "FLL", "FWA", "cancelled" 
"2021-06-15", "FOR15", "EVN", "OMA", "active" 
"2021-11-11", "KD12", "SOU", "MAA", "landed" 
"2021-08-16", "VJT16", "PRN", "CLT", "active" 
"2021-07-08", "IPI65", "OSL", "MEM", "unknown" 
"2021-06-27", "SAC28", "EDW", "GRV", "landed" 
"2021-06-27", "LAA31", "GEG", "NAY", "landed" 
"2021-03-22", "VLA12", "KUF", "CGN", "landed" 
"2021-07-11", "IPQ19", "SHJ", "SLC", "landed" 
"2021-05-23", "XBM16", "MGM", "SAW", "unknown" 
"2021-01-01", "LAP29", "BGR", "CGN", "scheduled" 
"2021-12-19", "PNQ91", "CHS", "MEL", "cancelled" 
"2021-09-10", "RV29", "SSC", "BWI", "landed" 
"2021-09-02", "OZA78", "SKG", "NBE", "cancelled" 
"2021-12-01", "CRH20", "PUJ", "BRE", "scheduled" 
"2021-06-04", "XAA20", "RJTT", "ORY", "scheduled" 
"2021-09-10", "SER40", "PWM", "MHZ", "scheduled" 
"2021-05-15", "JX25", "SXF", "YYT", "unknown" 
"2021-01-16", "XAS25", "GUA", "UIO", "active" 
"2021-03-16", "BG24", "CAE", "BJV", "landed" 
"2021-04-24", "WIA31", "BRI", "NKG", "cancelled" 
"2021-09-26", "TEN28", "SUB", "PGUM", "cancelled" 
"2021-07-21", "ERQ14", "SAN", "FSZ", "scheduled" 
"2021-01-14", "DHQ79", "EXT", "GEG", "active" 
"2021-09-04", "TMA59", "SVG", "KMG", "landed" 
"2021-01-25", "CEN27", "LBA", "VRA", "active" 
"2021-02-05", "FL13", "DLM", "XIY", "scheduled" 
"2021-08-04", "CPT68", "TIA", "ODS", "scheduled" 
"2021-06-23", "AWA19", "EVN", "DRS", "landed" 
"2021-05-12", "JMA11", "KWE", "BEG", "landed" 
"2021-12-25", "AIQ81", "HET", "LUF", "landed" 
"2021-01-25", "NPA72", "ZIA", "KRK", "scheduled" 
"2021-06-19", "SNK12", "VVI", "REP", "unknown" 
"2021-10-11", "AVI14", "LYS", "QUO", "landed" 
"2021-03-06", "OMQ12", "MGE", "RND", "landed" 
"2021-10-16", "WT28", "STN", "END", "landed" 
"2021-03-24", "CKI51", "MGE", "TBZ", "scheduled" 
"2021-06-25", "NJ84", "CVS", "YHZ", "unknown" 
"2021-11-19", "AZ66", "YUL", "LTN", "cancelled" 
"2021-02-08", "OMH24", "SFO", "GBE", "unknown" 
"2021-08-08", "MOQ24", "SDF", "MHZ", "landed" 
"2021-01-14", "BAT72", "PIT", "LUF", "unknown" 
"2021-01-06", "RRT80", "DVO", "MEX", "cancelled" 
"2021-12-13", "PS17", "SVX", "ADL", "cancelled" 
"2021-03-09", "WRT20", "ODS", "MBS", "active" 
"2021-11-24", "XAM26", "SPI", "MFM", "active" 
"2021-01-23", "TAC28", "TFS", "BEY", "cancelled" 
"2021-06-18", "ED21", "TZX", "KOJ", "active" 
"2021-01-11", "GUN18", "TRI", "CMH", "scheduled" 
"2021-02-13", "N524", "KOJ", "VIE", "scheduled" 
"2021-11-09", "JER12", "RSW", "LBA", "landed" 
"2021-01-22", "KAI16", "ULN", "ADA", "cancelled" 
"2021-12-14", "VSA64", "YWG", "TGD", "landed" 
"2021-06-15", "SEB14", "SAN", "BKK", "unknown" 
"2021-11-17", "TUL21", "DEN", "OVB", "landed" 
"2021-06-20", "MTA29", "YOW", "CGO", "active" 
"2021-08-21", "NY21", "SCL", "CRP", "cancelled" 
"2021-07-26", "DOL22", "NKC", "RJTT", "scheduled" 
"2021-12-27", "WI14", "DYS", "LIM", "unknown" 
"2021-06-22", "ANI17", "SAW", "SKG", "scheduled" 
"2021-01-12", "TV29", "LGA", "NKC", "scheduled" 
"2021-04-28", "R028", "ABQ", "BOG", "unknown" 
"2021-03-19", "XAJ31", "SYR", "TOL", "unknown" 
"2021-10-27", "MAQ11", "SIP", "MBS", "landed" 
"2021-11-11", "WAC26", "DAM", "NCE", "unknown" 
"2021-08-25", "TSQ27", "ISE", "MRU", "cancelled" 
"2021-03-25", "K376", "BFI", "IKA", "cancelled" 
"2021-04-20", "PSA10", "SYX", "BUF", "landed" 
"2021-10-28", "SFO25", "CIA", "CPT", "unknown" 
"2021-04-05", "RID30", "HTS", "CCU", "cancelled" 
"2021-03-10", "OS52", "SKT", "CGH", "scheduled" 
"2021-07-10", "TAT93", "PHX", "AMM", "unknown" 
"2021-10-10", "H218", "DLM", "GSB", "unknown" 
"2021-09-02", "GSQ29", "BIL", "FLN", "unknown" 
"2021-05-13", "F929", "ABV", "KHH", "landed" 
"2021-04-27", "GCH14", "SAT", "WDH", "unknown" 
"2021-07-03", "CKI28", "TFS", "RAR", "landed" 
"2021-09-17", "MAR66", "HKG", "UFA", "active" 
"2021-09-18", "TAL15", "UBN", "ANC", "active" 
"2021-09-25", "PL30", "VPS", "BEY", "landed" 
"2021-05-16", "Y211", "SSA", "MPM", "active" 
"2021-02-28", "ZP28", "YYJ", "FMO", "scheduled" 
"2021-02-04", "XAT26", "VRN", "DMM", "unknown" 
"2021-03-07", "SK11", "GYD", "LXR", "scheduled" 
"2021-02-16", "JD37", "FLN", "TZX", "active" 
"2021-07-10", "SCT24", "IAD", "DNA", "scheduled" 
"2021-02-03", "MGQ25", "KOJ", "UIO", "scheduled" 
"2021-03-06", "MZ13", "DPS", "NWI", "unknown" 
"2021-03-13", "QK22", "CNF", "FMO", "active" 
"2021-04-27", "PD16", "JFK", "GVA", "scheduled" 
"2021-01-07", "WL31", "BOD", "PPT", "cancelled" 
"2021-06-22", "PRR18", "ALP", "AMA", "unknown" 
"2021-06-01", "NEW19", "DAR", "SJJ", "active" 
"2021-01-12", "SLZ74", "MSP", "SDF", "unknown" 
"2021-05-17", "CRN19", "VCE", "SOU", "landed" 
"2021-09-14", "HAR35", "NWI", "FFD", "unknown" 
"2021-05-13", "ECI28", "SKP", "VNO", "cancelled" 
"2021-09-17", "PAQ80", "MLI", "EXT", "active" 
"2021-06-27", "NBQ29", "CAE", "SOQ", "unknown" 
"2021-10-18", "RJS19", "BOH", "BSB", "scheduled" 
"2021-09-26", "HOQ31", "NUE", "EDI", "landed" 
"2021-12-13", "GG15", "MHZ", "CUZ", "scheduled" 
"2021-10-25", "LR12", "CAE", "CJU", "active" 
"2021-08-21", "LR10", "VVI", "HAN", "landed" 
"2021-10-04", "ARZ30", "LPA", "MTY", "scheduled" 
"2021-08-28", "SAI30", "LBA", "RDU", "scheduled" 
"2021-11-04", "TN85", "BSB", "SOU", "active" 
"2021-01-21", "WG20", "FWA", "TRI", "cancelled" 
"2021-05-28", "RAL27", "ORF", "ERZ", "unknown" 
"2021-10-07", "MGQ20", "BOS", "RJTT", "cancelled" 
"2021-11-24", "JCQ12", "LYS", "WAW", "active" 
"2021-03-15", "RSV11", "MRU", "SPI", "landed" 
"2021-12-16", "GWA83", "RGN", "ADD", "unknown" 
"2021-10-17", "TAC15", "RMS", "LFI", "unknown" 
"2021-02-26", "SXP15", "YWG", "KNH", "landed" 
"2021-10-01", "MMH13", "SUX", "ORK", "landed" 
"2021-06-15", "XBM17", "SSC", "CNX", "cancelled" 
"2021-03-13", "LA96", "SVG", "PVD", "active" 
"2021-12-23", "GH31", "HSV", "OVB", "landed" 
"2021-03-20", "HBQ23", "FSZ", "NAY", "landed" 
"2021-10-22", "BE20", "OKA", "ADB", "unknown" 
"2021-04-10", "VAS14", "KWL", "PTY", "scheduled" 
"2021-12-25", "NTQ20", "LIM", "PAM", "cancelled" 
"2021-02-08", "GAS27", "LEJ", "GIG", "active" 
"2021-09-02", "VIG13", "LHR", "LED", "cancelled" 
"2021-01-05", "SDQ77", "SOQ", "WUH", "cancelled" 
"2021-10-05", "SS25", "LAS", "DTW", "unknown" 
"2021-04-13", "ND11", "YVR", "RSW", "cancelled" 
"2021-05-24", "PPQ11", "RMS", "SSC", "landed" 
"2021-01-01", "OS19", "YNT", "MEX", "scheduled" 
"2021-08-22", "URQ54", "DSA", "MCO", "cancelled" 
"2021-04-18", "XAU27", "NDJ", "CRL", "cancelled" 
"2021-03-11", "LSQ82", "BOO", "SOQ", "cancelled" 
"2021-06-06", "EWA67", "CJU", "YWG", "active" 
"2021-12-13", "HYA14", "VCE", "FLN", "landed" 
"2021-02-23", "DM13", "PRG", "KRK", "active" 
"2021-11-21", "OD32", "VRN", "PVR", "cancelled" 
"2021-04-01", "KAT28", "COK", "CKG", "unknown" 
"2021-08-02", "MAG13", "RAR", "LAS", "scheduled" 
"2021-01-08", "EFQ34", "CUZ", "BNE", "landed" 
"2021-10-06", "E030", "GSB", "NAS", "unknown" 
"2021-01-25", "COS21", "KNH", "AFW", "scheduled" 
"2021-06-12", "LDM16", "HTS", "ALA", "unknown" 
"2021-04-08", "PMT19", "KWE", "RNO", "landed" 
"2021-02-12", "CV10", "RDU", "KIX", "scheduled" 
"2021-03-24", "JL46", "OVB", "NUE", "scheduled" 
"2021-10-07", "PW17", "LYS", "POZ", "scheduled" 
"2021-10-27", "FCQ17", "DFW", "RGN", "cancelled" 
"2021-03-19", "TNQ91", "RMS", "NCE", "scheduled" 
"2021-12-24", "U236", "OUA", "MGM", "active" 
"2021-09-10", "TPQ17", "TRV", "VDA", "scheduled" 
"2021-03-03", "PNQ84", "PBI", "CTA", "scheduled" 
"2021-11-12", "XPQ55", "DCA", "EXT", "cancelled" 
"2021-10-13", "SU92", "FRU", "AGP", "scheduled" 
"2021-04-08", "SIQ31", "URC", "YYT", "cancelled" 
"2021-01-03", "KTQ41", "WAW", "PVD", "cancelled" 
"2021-09-12", "CMR16", "YYC", "BJV", "landed" 
"2021-01-02", "LT15", "CGH", "CNX", "landed" 
"2021-07-27", "OD91", "DAB", "REP", "scheduled" 
"2021-05-17", "CW74", "NBE", "SGF", "landed" 
"2021-07-25", "OOZ27", "ULN", "LGG", "active" 
"2021-06-04", "GOF23", "TUL", "LIM", "unknown" 
"2021-02-22", "EWA20", "EBB", "LXR", "active" 
"2021-11-23", "MHK21", "ORK", "BDL", "cancelled" 
"2021-08-15", "CHD26", "AVL", "TRD", "cancelled" 
"2021-08-13", "WAI30", "BFI", "RPLL", "scheduled" 
"2021-05-18", "VC27", "NGO", "AAP", "landed" 
"2021-03-05", "QD25", "LIM", "CCU", "landed" 
"2021-05-25", "SKJ16", "BLQ", "FRA", "landed" 
"2021-03-04", "CRA13", "CGH", "SJD", "cancelled" 
"2021-02-15", "LOS34", "EXT", "ROV", "active" 
"2021-04-12", "AIQ22", "BKO", "SRQ", "unknown" 
"2021-04-16", "DHL26", "DJJ", "EZE", "landed" 
"2021-09-05", "SQ31", "PVG", "VCE", "landed" 
"2021-02-21", "KV50", "CMN", "MRU", "unknown" 
"2021-03-21", "WLH88", "LPA", "HAV", "active" 
"2021-10-06", "V819", "CRL", "SAV", "scheduled" 
"2021-05-28", "VSA59", "LCA", "CGH", "scheduled" 
"2021-04-16", "H612", "NRT", "VAR", "active" 
"2021-11-02", "NW10", "ABQ", "YYJ", "cancelled" 
"2021-07-13", "AMA79", "BSL", "SNN", "unknown" 
"2021-02-04", "C629", "OUA", "NWI", "scheduled" 
"2021-12-02", "STW69", "HSV", "BLA", "landed" 
"2021-07-24", "NFA18", "BHM", "IAH", "landed" 
"2021-02-14", "PTQ18", "BTS", "CHS", "unknown" 
"2021-10-17", "E081", "CBR", "BRS", "active" 
"2021-03-25", "AIK71", "IKA", "SUU", "unknown" 
"2021-05-15", "MLL24", "AER", "KNH", "active" 
"2021-05-21", "W723", "DRS", "BGW", "scheduled" 
"2021-02-07", "AIM18", "SIN", "ADL", "cancelled" 
"2021-05-04", "WIA52", "WNZ", "BRU", "scheduled" 
"2021-10-19", "OOZ90", "CMN", "TPA", "active" 
"2021-12-03", "FCQ10", "CCS", "LHR", "active" 
"2021-09-12", "EW20", "WUH", "UFA", "cancelled" 
"2021-03-01", "NZ19", "DLF", "AGP", "cancelled" 
"2021-04-05", "IGA18", "STR", "KZN", "scheduled" 
"2021-02-10", "RTQ91", "ABV", "ERI", "cancelled" 
"2021-04-10", "RVA41", "FWA", "LCA", "unknown" 
"2021-11-26", "HPZ31", "MWX", "PFO", "active" 
"2021-01-26", "XBP13", "MLE", "FAO", "active" 
"2021-10-01", "WNQ15", "ASB", "CHS", "cancelled" 
"2021-07-26", "O619", "TFS", "SCL", "landed" 
"2021-01-04", "V812", "CWL", "CUZ", "active" 
"2021-11-06", "FDQ13", "QUO", "CRP", "cancelled" 
"2021-09-14", "AIE32", "GOT", "BGW", "unknown" 
"2021-10-03", "PS11", "IAD", "BSR", "unknown" 
"2021-10-27", "EGJ21", "STN", "SPI", "scheduled" 
"2021-03-15", "U224", "SXM", "TRV", "landed" 
"2021-03-17", "KU68", "MLE", "JLN", "unknown" 
"2021-09-24", "GF20", "NGO", "LJU", "scheduled" 
"2021-01-16", "CA17", "ERZ", "TPA", "cancelled" 
"2021-01-24", "TK31", "BOO", "HGH", "unknown" 
"2021-08-28", "MNA16", "END", "JLN", "landed" 
"2021-01-05", "D817", "BRI", "CCJ", "cancelled" 
"2021-02-11", "HNS12", "TER", "DMM", "unknown" 
"2021-05-24", "JD10", "BEG", "MEL", "active" 
"2021-06-11", "USA84", "DEN", "LXR", "landed" 
"2021-07-17", "WS16", "LPA", "GDN", "scheduled" 
"2021-10-08", "TWA19", "RND", "RPLL", "active" 
"2021-11-07", "XBI21", "HET", "BTS", "cancelled" 
"2021-10-13", "PE12", "MBS", "ATL", "scheduled" 
"2021-08-20", "CPC22", "YOW", "CAI", "active" 
"2021-08-06", "KAQ20", "VCE", "BEL", "unknown" 
"2021-03-15", "YM27", "JAN", "ALG", "active" 
"2021-02-06", "WGL10", "TXL", "DBQ", "cancelled" 
"2021-09-06", "JF20", "CHA", "DUS", "cancelled" 
"2021-03-06", "JB25", "BOG", "AKT", "scheduled" 
"2021-05-13", "BOQ29", "HYD", "DOH", "cancelled" 
"2021-04-22", "HRQ29", "DAM", "FRA", "active" 
"2021-02-28", "NHA37", "TSF", "LBB", "scheduled" 
"2021-10-02", "SOL81", "BAH", "MSP", "active" 
"2021-05-03", "AMT17", "ARN", "NBE", "cancelled" 
"2021-06-12", "HET55", "HSV", "TRV", "unknown" 
"2021-09-06", "IJ27", "SHA", "MLE", "landed" 
"2021-01-28", "IKQ73", "BKO", "HGH", "landed" 
"2021-02-24", "ZKQ39", "SKT", "TFS", "active" 
"2021-10-06", "IB21", "HYD", "AMM", "active" 
"2021-08-24", "IG29", "WDH", "BSL", "landed" 
"2021-09-03", "WWQ22", "WLG", "KWL", "active" 
"2021-03-16", "FRA30", "ICN", "BAB", "active" 
"2021-05-18", "CTR19", "DMM", "DKR", "landed" 
"2021-03-03", "DIA41", "PRN", "ALC", "active" 
"2021-08-16", "GHA31", "DYS", "SUS", "landed" 
"2021-04-03", "LSZ32", "KWE", "HEL", "scheduled" 
"2021-02-07", "OJ77", "PUJ", "BLA", "scheduled" 
"2021-04-07", "ND25", "CUZ", "ORD", "landed" 
"2021-09-03", "BR77", "GOA", "AVL", "active" 
"2021-07-05", "JM21", "SFB", "ACA", "landed" 
"2021-12-16", "COC24", "SPI", "MBA", "scheduled" 
"2021-07-22", "RL23", "AFW", "TIP", "active" 
"2021-05-26", "L224", "UBN", "NBE", "scheduled" 
"2021-07-21", "ATN21", "PVR", "FSM", "unknown" 
"2021-04-27", "LVA20", "WAW", "VBG", "scheduled" 
"2021-01-26", "FQ49", "LEJ", "SBN", "landed" 
"2021-10-15", "J716", "KIX", "RAR", "unknown" 
"2021-09-16", "BIQ73", "GDL", "SHA", "scheduled" 
"2021-03-13", "SLZ18", "DNA", "JUB", "scheduled" 
"2021-09-27", "DAN23", "OVB", "FOC", "unknown" 
"2021-09-12", "DQQ30", "RSW", "PKX", "scheduled" 
"2021-02-04", "COK16", "EIN", "SYR", "active" 
"2021-05-21", "SPH17", "DVO", "MCF", "unknown" 
"2021-08-20", "AWQ18", "BZZ", "MMX", "unknown" 
"2021-10-03", "STA74", "CLT", "CIA", "cancelled" 
"2021-03-02", "CUQ29", "JFK", "RIC", "scheduled" 
"2021-05-15", "DAN23", "VCE", "BLA", "active" 
"2021-06-17", "FCQ23", "ADA", "ZRH", "unknown" 
"2021-03-02", "BNQ15", "BZE", "HEL", "landed" 
"2021-08-23", "CVA35", "SGN", "SHA", "landed" 
"2021-10-26", "REA13", "GIG", "LUN", "cancelled" 
"2021-11-27", "GCH30", "KUV", "JNB", "unknown" 
"2021-02-12", "JR87", "DSM", "BRS", "landed" 
"2021-08-07", "HSZ17", "GSB", "HEL", "cancelled" 
"2021-09-11", "BHK25", "BRE", "TIA", "landed" 
"2021-04-12", "DM14", "ALP", "MCF", "cancelled" 
"2021-04-10", "TRQ49", "HET", "PBI", "active" 
"2021-09-11", "Y732", "TCM", "BHM", "unknown" 
"2021-03-16", "EE22", "ORY", "CVS", "unknown" 
"2021-05-13", "EWA22", "OVB", "HAM", "landed" 
"2021-08-04", "ECR32", "ALC", "IKA", "scheduled" 
"2021-06-02", "NI13", "FCO", "MAD", "landed" 
"2021-02-04", "XAA21", "CUZ", "TPA", "unknown" 
"2021-08-02", "TQQ20", "TXL", "TSF", "landed" 
"2021-02-09", "TMA10", "CHC", "PBI", "landed" 
"2021-11-20", "UH17", "MDW", "MNH", "cancelled" 
"2021-05-21", "UN17", "BJV", "EBB", "scheduled" 
"2021-02-16", "MAQ16", "KOJ", "SAW", "unknown" 
"2021-06-06", "SWT26", "HNL", "DRS", "unknown" 
"2021-06-03", "KM19", "SBN", "KIN", "cancelled" 
"2021-02-03", "X952", "AVL", "SMF", "scheduled" 
"2021-02-11", "KM28", "COK", "SRQ", "landed" 
"2021-07-12", "SV11", "HNL", "MGM", "active" 
"2021-11-21", "AIY31", "JFK", "YYC", "active" 
"2021-12-23", "WS10", "CDG", "YUL", "cancelled" 
"2021-08-20", "PO19", "CMN", "LIN", "cancelled" 
"2021-11-27", "XBX20", "OUA", "DMK", "landed" 
"2021-03-28", "FL25", "NIM", "AUH", "landed" 
"2021-10-23", "UC13", "CCS", "CRL", "landed" 
"2021-03-16", "MTR26", "MAD", "CAI", "cancelled" 
"2021-10-14", "BIR13", "CMH", "LKZ", "active" 
"2021-03-26", "JX17", "ARN", "CAN", "cancelled" 
"2021-12-23", "OS55", "UBN", "YYC", "unknown" 
"2021-07-01", "FRW22", "LFI", "BKO", "landed" 
"2021-06-18", "TJ28", "JED", "LOS", "scheduled" 
"2021-07-15", "MDC10", "LIM", "SVO", "scheduled" 
"2021-04-06", "OC19", "UPG", "DWC", "unknown" 
"2021-04-18", "PL25", "SYD", "TBZ", "cancelled" 
"2021-01-27", "MRR24", "BAH", "HTS", "scheduled" 
"2021-01-01", "JMA23", "CTS", "TAS", "scheduled" 
"2021-12-09", "OAK30", "LUN", "CTU", "landed" 
"2021-06-05", "OZ22", "BHD", "THR", "scheduled" 
"2021-11-03", "JQ16", "STL", "KHV", "cancelled" 
"2021-10-18", "TMA22", "TYS", "EZE", "unknown" 
"2021-05-08", "DUL92", "CJU", "WRO", "active" 
"2021-05-13", "HA21", "HKG", "OPO", "cancelled" 
"2021-02-03", "PR41", "MKE", "BHM", "landed" 
"2021-10-08", "E064", "AGS", "DMK", "unknown" 
"2021-09-04", "XBZ14", "KWI", "AAP", "scheduled" 
"2021-06-05", "XAZ20", "TER", "BOM", "active" 
"2021-09-12", "CHS68", "VRA", "SYZ", "landed" 
"2021-05-22", "APS32", "SNN", "LOS", "scheduled" 
"2021-12-08", "MY16", "TRN", "BNE", "active" 
"2021-12-05", "KA13", "STN", "EWR", "scheduled" 
"2021-03-10", "COK10", "TZX", "HER", "landed" 
"2021-06-25", "PP39", "MEX", "WRB", "active" 
"2021-01-20", "JTA82", "SOQ", "ZNZ", "scheduled" 
"2021-08-25", "HWK26", "MHZ", "PIT", "active" 
"2021-04-10", "MTX25", "MIA", "LUF", "cancelled" 
"2021-06-27", "NY72", "PGUM", "OSN", "scheduled" 
"2021-04-04", "PHX86", "PPT", "BKK", "landed" 
"2021-09-23", "SKL24", "KUL", "OSN", "active" 
"2021-09-08", "WST22", "MTY", "ATQ", "cancelled" 
"2021-09-27", "JB15", "DMK", "VDA", "scheduled" 
"2021-11-10", "TFQ23", "KMG", "PBI", "scheduled" 
"2021-04-10", "JIQ19", "LBA", "GVA", "scheduled" 
"2021-01-08", "XBJ14", "TYN", "MGM", "landed" 
"2021-07-13", "STW89", "CBM", "NAT", "active" 
"2021-11-24", "KEE30", "AMS", "ABQ", "unknown" 
"2021-11-19", "JJ24", "SDF", "SDF", "scheduled" 
"2021-06-17", "AMI16", "GEG", "ZAG", "landed" 
"2021-12-28", "EXP68", "SXM", "BSL", "active" 
"2021-08-06", "WEB12", "AGS", "TFS", "landed" 
"2021-04-09", "MP24", "CBM", "TAS", "unknown" 
"2021-09-11", "CSA18", "EDW", "SCQ", "unknown" 
"2021-06-16", "NC10", "MSQ", "ISE", "cancelled" 
"2021-09-04", "DHL12", "SUB", "SHO", "cancelled" 
"2021-07-08", "ARI11", "NNG", "COK", "landed" 
"2021-01-01", "D824", "DMK", "MUC", "active" 
"2021-02-22", "CZQ15", "BIL", "MTY", "unknown" 
"2021-11-19", "XDA59", "GUS", "ZRH", "active" 
"2021-02-11", "JCQ30", "SYR", "LPA", "landed" 
"2021-02-28", "TNS30", "PVR", "WUH", "landed" 
"2021-05-10", "MAQ13", "LAD", "FMO", "landed" 
"2021-05-21", "BRO19", "GRV", "GCLA", "active" 
"2021-04-25", "BF30", "AMM", "TPA", "scheduled" 
"2021-12-14", "RAQ41", "CTA", "EDI", "cancelled" 
"2021-05-18", "IEX28", "CRK", "ALG", "landed" 
"2021-04-23", "EEX20", "DOV", "BOH", "unknown" 
"2021-07-13", "BEN15", "ARN", "BLR", "landed" 
"2021-11-10", "PUQ12", "MSN", "DOH", "active" 
"2021-06-26", "MH16", "KGL", "ADD", "unknown" 
"2021-06-20", "KFS20", "CAE", "DAY", "landed" 
"2021-10-23", "SUT26", "DKR", "DNA", "scheduled" 
"2021-06-25", "EWA22", "GSO", "WAW", "landed" 
"2021-12-19", "SX85", "LIR", "KUL", "active" 
"2021-09-19", "ZL13", "HRG", "NGO", "landed" 
"2021-05-01", "L720", "PAM", "BGR", "unknown" 
"2021-01-02", "WES48", "DAR", "DCA", "landed" 
"2021-06-27", "ZAQ18", "LIR", "SJD", "unknown" 
"2021-04-02", "SXP18", "ORK", "WNZ", "landed" 
"2021-01-16", "LAP26", "SGF", "UIO", "active" 
"2021-12-14", "DOQ16", "FTW", "IND", "active" 
"2021-07-12", "NEB35", "IST", "MRU", "unknown" 
"2021-11-06", "PRM14", "HIB", "SRQ", "cancelled" 
"2021-03-07", "MOQ30", "KZN", "CSX", "cancelled" 
"2021-09-03", "MAI17", "MBA", "ADD", "scheduled" 
"2021-02-27", "BD30", "BHX", "LAS", "scheduled" 
"2021-07-26", "CW66", "GMP", "SID", "cancelled" 
"2021-02-03", "ONQ24", "TYS", "DAR", "scheduled" 
"2021-10-04", "BLQ22", "NDJ", "PEK", "cancelled" 
"2021-08-27", "DH31", "LJU", "KIN", "unknown" 
"2021-06-18", "CSQ13", "DAR", "MIA", "landed" 
"2021-05-10", "WT26", "TFS", "KEF", "unknown" 
"2021-09-08", "AIK76", "NCL", "DRS", "landed" 
"2021-11-20", "PON18", "TUS", "SHJ", "active" 
"2021-01-27", "BAY29", "DFW", "ORK", "active" 
"2021-10-27", "TCO27", "AVL", "DUR", "active" 
"2021-04-22", "ANO14", "ROC", "DAL", "active" 
"2021-07-28", "SKL11", "DHA", "TNR", "cancelled" 
"2021-01-16", "ANT89", "BLV", "GOA", "active" 
"2021-12-13", "XDD19", "ODS", "FIH", "cancelled" 
"2021-12-28", "BIA29", "AAP", "ACC", "scheduled" 
"2021-12-12", "LEQ54", "DAR", "MUO", "landed" 
"2021-07-20", "HRA11", "KUF", "YYT", "cancelled" 
"2021-12-06", "U725", "MSY", "ICT", "scheduled" 
"2021-07-14", "EVA15", "WRO", "LAS", "scheduled" 
"2021-11-02", "SJQ86", "GUA", "DAD", "unknown" 
"2021-04-15", "OHA47", "DRS", "DAB", "landed" 
"2021-04-03", "KZ28", "ANC", "NCL", "scheduled" 
"2021-05-14", "MAC12", "MPM", "GZT", "scheduled" 
"2021-01-21", "SOE28", "YYT", "HRI", "active" 
"2021-11-01", "GE51", "LTX", "WDH", "cancelled" 
"2021-08-16", "EWA85", "LAD", "ATQ", "unknown" 
"2021-07-21", "P927", "WRB", "URC", "scheduled" 
"2021-03-20", "AIA27", "BNA", "LGG", "scheduled" 
"2021-09-08", "VEZ21", "TYS", "SGF", "active" 
"2021-10-27", "XDD13", "HGH", "STL", "landed" 
"2021-12-21", "WSK12", "DUR", "LAD", "landed" 
"2021-09-17", "SV25", "REP", "LUF", "unknown" 
"2021-04-17", "PRN74", "BSL", "LUN", "active" 
"2021-07-28", "SDQ24", "DAL", "HGH", "scheduled" 
"2021-11-16", "CRH23", "RSW", "FOC", "scheduled" 
"2021-07-05", "TAT27", "CDG", "GOT", "active" 
"2021-10-10", "THO27", "THR", "VNO", "cancelled" 
"2021-03-19", "WAW30", "CCS", "MAD", "landed" 
"2021-06-14", "XPA91", "CNX", "CAG", "cancelled" 
"2021-03-12", "XBQ22", "ISE", "ZAG", "cancelled" 
"2021-01-15", "TKQ26", "SAT", "ALP", "active" 
"2021-11-11", "V413", "TNA", "PER", "unknown" 
"2021-05-27", "TNQ24", "CJU", "BOO", "scheduled" 
"2021-04-25", "JJ10", "TFN", "VDA", "landed" 
"2021-09-14", "APS12", "CMB", "MGM", "active" 
"2021-08-20", "IGA32", "ITM", "OKO", "unknown" 
"2021-09-19", "NUM44", "IAH", "LIS", "unknown" 
"2021-01-22", "OH17", "HGH", "SKT", "scheduled" 
"2021-03-08", "CMD23", "DJJ", "VCE", "active" 
"2021-04-03", "AIT30", "TRI", "MKE", "unknown" 
"2021-03-15", "GRA26", "BKK", "ANC", "active" 
"2021-08-24", "XV20", "SLC", "SUB", "active" 
"2021-05-22", "SLZ22", "DLF", "MHZ", "cancelled" 
"2021-01-04", "E7210", "GDN", "BFI", "scheduled" 
"2021-10-03", "HRZ29", "ROC", "CNX", "unknown" 
"2021-08-14", "CO84", "SZL", "ZIA", "active" 
"2021-10-04", "CHL14", "ERZ", "CNF", "cancelled" 
"2021-02-22", "NLQ20", "CLE", "SNN", "landed" 
"2021-10-08", "TPQ10", "JNB", "MWX", "scheduled" 
"2021-07-23", "VB31", "GLA", "CIA", "landed" 
"2021-06-19", "WM26", "SBN", "HAN", "active" 
"2021-06-25", "NPT20", "GRB", "CRW", "unknown" 
"2021-05-05", "AMA16", "DRS", "LAS", "scheduled" 
"2021-08-21", "EHA29", "HAV", "QUO", "landed" 
"2021-04-11", "BD18", "YHZ", "ATQ", "active" 
"2021-07-20", "B016", "NCL", "ZAG", "scheduled" 
"2021-01-19", "E716", "CBM", "LIS", "scheduled" 
"2021-04-21", "ANC18", "UPG", "FLL", "landed" 
"2021-09-04", "BN33", "BLR", "DVO", "landed" 
"2021-06-19", "RID17", "BNA", "MVD", "unknown" 
"2021-02-12", "AIC46", "AUS", "CWB", "active" 
"2021-12-24", "WCA70", "LGA", "LIR", "active" 
"2021-04-25", "COU30", "WAW", "TRV", "active" 
"2021-07-18", "LG19", "YEG", "VKO", "active" 
"2021-09-20", "FDA52", "BAD", "BUD", "active" 
"2021-10-28", "ARO11", "VCE", "TYN", "active" 
"2021-02-06", "RJS28", "TSF", "SDQ", "scheduled" 
"2021-12-16", "BBQ30", "TRN", "PAM", "cancelled" 
"2021-03-12", "X930", "SHJ", "KNO", "scheduled" 
"2021-05-04", "TGQ71", "SCL", "BWN", "cancelled" 
"2021-05-25", "III28", "GMP", "COK", "scheduled" 
"2021-01-11", "EGJ15", "NAS", "HKT", "unknown" 
"2021-12-12", "QN28", "DWC", "HRK", "active" 
"2021-12-22", "BG24", "MEL", "LAD", "unknown" 
"2021-03-16", "BES30", "PUJ", "LGW", "landed" 
"2021-10-24", "WR45", "TRN", "SHJ", "scheduled" 
"2021-06-25", "GMA31", "LBA", "BFI", "scheduled" 
"2021-11-25", "JB12", "SCL", "LUF", "unknown" 
"2021-02-10", "LG27", "TOS", "FCO", "unknown" 
"2021-12-08", "SX28", "SEZ", "LFT", "landed" 
"2021-08-07", "ZL18", "SUX", "SAL", "scheduled" 
"2021-02-22", "XAE29", "TLS", "EDI", "active" 
"2021-04-23", "XBZ31", "DMK", "KIX", "cancelled" 
"2021-03-16", "EFA73", "NBE", "HAJ", "cancelled" 
"2021-03-14", "POL28", "TUN", "DME", "unknown" 
"2021-11-16", "CL11", "SYD", "MRU", "scheduled" 
"2021-10-21", "KWZ28", "FOC", "LUF", "unknown" 
"2021-04-05", "XPA14", "MAN", "BRS", "scheduled" 
"2021-12-10", "NAP19", "VNO", "KUF", "active" 
"2021-03-25", "R025", "THR", "PDL", "landed" 
"2021-08-01", "BUH29", "CRK", "KRK", "cancelled" 
"2021-02-23", "LA40", "TIA", "SHO", "landed" 
"2021-09-16", "MTR16", "ORF", "CRW", "active" 
"2021-12-06", "TVL96", "RST", "PVD", "landed" 
"2021-01-23", "DOL94", "CEB", "ORD", "scheduled" 
"2021-05-08", "Y710", "FRU", "TLV", "cancelled" 
"2021-06-04", "UN13", "LAX", "SAV", "unknown" 
"2021-11-16", "XBF31", "GUA", "KBP", "active" 
"2021-12-08", "FTI21", "WLG", "NCL", "landed" 
"2021-02-18", "SOE46", "BCN", "DQM", "scheduled" 
"2021-04-18", "ATO78", "CVG", "CAE", "active" 
"2021-01-15", "XAO19", "ALA", "MLU", "unknown" 
"2021-02-07", "KTQ13", "AVL", "BOS", "scheduled" 
"2021-12-05", "ATH50", "DLC", "NBE", "active" 
"2021-10-05", "KKQ16", "MNH", "CGO", "cancelled" 
"2021-09-24", "TAL81", "GDN", "DUS", "cancelled" 
"2021-01-01", "FRT21", "TNA", "HAJ", "active" 
"2021-08-07", "AON10", "AFW", "HRI", "scheduled" 
"2021-03-12", "J510", "SAT", "CUZ", "unknown" 
"2021-11-18", "KET13", "TUN", "TUN", "unknown" 
"2021-12-02", "ARQ31", "BFS", "PHF", "active" 
"2021-01-12", "CCO99", "CGO", "DOH", "landed" 
"2021-07-13", "VC15", "PIA", "EIN", "unknown" 
"2021-01-25", "EUQ24", "PDL", "GDL", "unknown" 
"2021-12-24", "OB44", "SYZ", "MEL", "landed" 
"2021-02-06", "HQ22", "STR", "HKT", "active" 
"2021-11-20", "RAQ52", "LUX", "JLN", "landed" 
"2021-06-19", "RL55", "BAD", "LTN", "unknown" 
"2021-05-02", "BYA13", "FMO", "ERZ", "unknown" 
"2021-01-10", "SSA18", "BZE", "DNA", "unknown" 
"2021-08-15", "IGA21", "OMA", "VBG", "cancelled" 
"2021-12-11", "DWN34", "DLC", "TZX", "cancelled" 
"2021-04-27", "GCS95", "TYS", "SHJ", "scheduled" 
"2021-11-01", "ZFZ21", "DQM", "ZAG", "landed" 
"2021-07-14", "FYB21", "STN", "STN", "cancelled" 
"2021-08-26", "XDA17", "HRE", "MUO", "scheduled" 
"2021-10-04", "ROS19", "OMA", "MRU", "cancelled" 
"2021-06-09", "TGQ19", "BKK", "URC", "cancelled" 
"2021-03-05", "TRI39", "GDL", "LLA", "cancelled" 
"2021-06-07", "SK28", "JLN", "GMP", "cancelled" 
"2021-03-04", "KTQ17", "AUH", "DOV", "active" 
"2021-02-23", "EHA67", "SIN", "CWL", "cancelled" 
"2021-04-06", "QOZ26", "SNN", "BKK", "scheduled" 
"2021-03-07", "MAI33", "ALP", "NGB", "scheduled" 
"2021-05-19", "JD10", "JNB", "SNA", "scheduled" 
"2021-11-07", "BAQ10", "IAD", "OSN", "landed" 
"2021-09-25", "MHO31", "SAT", "LJU", "cancelled" 
"2021-05-11", "CGO46", "LBA", "SDF", "scheduled" 
"2021-04-02", "XF26", "CCJ", "OAK", "unknown" 
"2021-09-02", "AIG31", "CMB", "SJU", "unknown" 
"2021-10-06", "IW59", "CVS", "HMO", "landed" 
"2021-05-20", "EEX11", "OTP", "BMI", "cancelled" 
"2021-08-06", "ZE21", "MIA", "HKT", "landed" 
"2021-08-02", "US24", "AGS", "PRG", "cancelled" 
"2021-04-02", "OE17", "TSE", "CAE", "cancelled" 
"2021-07-28", "CB22", "SKT", "SYZ", "cancelled" 
"2021-04-17", "ON74", "ONT", "DQM", "landed" 
"2021-10-18", "MUQ30", "KWE", "CGN", "scheduled" 
"2021-05-17", "HY31", "TRN", "RUH", "scheduled" 
"2021-10-28", "L311", "LGG", "OKA", "scheduled" 
"2021-05-09", "XV12", "BOG", "SUU", "cancelled" 
"2021-02-12", "AIG51", "BRS", "DWC", "landed" 
"2021-09-08", "HWK65", "SKA", "OTP", "cancelled" 
"2021-10-13", "FLA93", "OPO", "DKR", "scheduled" 
"2021-02-19", "XAA19", "ORY", "ADB", "cancelled" 
"2021-04-20", "DE27", "REP", "BIL", "active" 
"2021-03-08", "GSC84", "YEG", "SJU", "landed" 
"2021-10-15", "JN65", "MDW", "RST", "active" 
"2021-08-20", "BAN12", "MAO", "NWI", "unknown" 
"2021-09-16", "RP95", "DWC", "LFI", "active" 
"2021-08-16", "TR13", "KGF", "SIN", "unknown" 
"2021-06-10", "STG15", "TBZ", "SID", "scheduled" 
"2021-11-14", "WEQ11", "DEL", "FUK", "scheduled" 
"2021-02-13", "RDW16", "DTM", "BRI", "unknown" 
"2021-06-15", "R029", "MDL", "HRI", "scheduled" 
"2021-09-02", "XBT31", "GBE", "VRN", "active" 
"2021-01-19", "UMQ74", "ALC", "MRS", "cancelled" 
"2021-07-03", "GRO28", "LIR", "ADA", "unknown" 
"2021-11-26", "TH51", "LCK", "HER", "landed" 
"2021-01-03", "CJ32", "AGS", "AMS", "active" 
"2021-01-23", "MST23", "YVR", "OAK", "unknown" 
"2021-12-02", "XAF19", "TRD", "PDL", "cancelled" 
"2021-05-10", "PA14", "MGE", "TOL", "unknown" 
