Port Moresby Jacksons International Airport,POM
Keflavik International Airport,KEF
PriÅ¡tina International Airport,PRN
Guodu air base,
Edmonton International Airport,YEG
Halifax / Stanfield International Airport,YHZ
Ottawa Macdonald-Cartier International Airport,YOW
Montreal / Pierre Elliott Trudeau International Airport,YUL
Vancouver International Airport,YVR
Winnipeg / James Armstrong Richardson International Airport,YWG
Calgary International Airport,YYC
Victoria International Airport,YYJ
St. Johns International Airport,YYT
Lester B. Pearson International Airport,YYZ
Houari Boumediene Airport,ALG
Ouagadougou Airport,OUA
Kotoka International Airport,ACC
Nnamdi Azikiwe International Airport,ABV
Akwa Ibom International Airport,QUO
Mallam Aminu International Airport,KAN
Murtala Muhammed International Airport,LOS
Diori Hamani International Airport,NIM
Tunis Carthage International Airport,TUN
Brussels Airport,BRU
Brussels South Charleroi Airport,CRL
LiÃ¨ge Airport,LGG
Berlin-SchÃ¶nefeld Airport,SXF
Dresden Airport,DRS
Frankfurt am Main Airport,FRA
MÃ¼nster OsnabrÃ¼ck Airport,FMO
Hamburg Airport,HAM
Cologne Bonn Airport,CGN
DÃ¼sseldorf Airport,DUS
Munich Airport,MUC
Nuremberg Airport,NUE
Leipzig/Halle Airport,LEJ
Stuttgart Airport,STR
Berlin-Tegel Airport,TXL
Hannover Airport,HAJ
Bremen Airport,BRE
Dortmund Airport,DTM
Karlsruhe Baden-Baden Airport,FKB
Lennart Meri Tallinn Airport,TLL
Helsinki Vantaa Airport,HEL
Belfast International Airport,BFS
George Best Belfast City Airport,BHD
Birmingham International Airport,BHX
Manchester Airport,MAN
Robin Hood Doncaster Sheffield Airport,DSA
Cardiff International Airport,CWL
Bristol Airport,BRS
Liverpool John Lennon Airport,LPL
London Luton Airport,LTN
Bournemouth Airport,BOH
Southampton Airport,SOU
London Gatwick Airport,LGW
London Heathrow Airport,LHR
Leeds Bradford Airport,LBA
Newcastle Airport,NCL
East Midlands Airport,EMA
Aberdeen Dyce Airport,ABZ
Glasgow International Airport,GLA
Edinburgh Airport,EDI
Norwich International Airport,NWI
London Stansted Airport,STN
Exeter International Airport,EXT
RAF Lakenheath,LKZ
RAF Mildenhall,MHZ
RAF Fairford,FFD
RAF Brize Norton,BZZ
Amsterdam Airport Schiphol,AMS
Eindhoven Airport,EIN
Cork Airport,ORK
Dublin Airport,DUB
Shannon Airport,SNN
Billund Airport,BLL
Copenhagen Kastrup Airport,CPH
Aalborg Airport,AAL
Luxembourg-Findel International Airport,LUX
BodÃ¸ Airport,BOO
Bergen Airport Flesland,BGO
Oslo Gardermoen Airport,OSL
TromsÃ¸ Airport,TOS
Trondheim Airport VÃ¦rnes,TRD
Stavanger Airport Sola,SVG
GdaÅsk Lech WaÅÄsa Airport,GDN
KrakÃ³w John Paul II International Airport,KRK
Katowice International Airport,KTW
Modlin Airport,WMI
PoznaÅ-Åawica Airport,POZ
Warsaw Chopin Airport,WAW
Copernicus WrocÅaw Airport,WRO
Gothenburg-Landvetter Airport,GOT
MalmÃ¶ Sturup Airport,MMX
LuleÃ¥ Airport,LLA
Stockholm-Arlanda Airport,ARN
Ramstein Air Base,RMS
Riga International Airport,RIX
Vilnius International Airport,VNO
Cape Town International Airport,CPT
George Airport,GRJ
King Shaka International Airport,DUR
OR Tambo International Airport,JNB
Sir Seretse Khama International Airport,GBE
King Mswati III International Airport,SHO
Sir Seewoosagur Ramgoolam International Airport,MRU
Kenneth Kaunda International Airport,LUN
Ivato Airport,TNR
Quatro de Fevereiro Airport,LAD
Maputo Airport,MPM
Seychelles International Airport,SEZ
NDjamena International Airport,NDJ
Robert Gabriel Mugabe International Airport,HRE
Hosea Kutako International Airport,WDH
Ndjili International Airport,FIH
Modibo Keita International Airport,BKO
La Palma Airport,GCLA
Gran Canaria Airport,LPA
Tenerife South Airport,TFS
Tenerife Norte Airport,TFN
Lungi International Airport,FNA
Roberts International Airport,ROB
Mohammed V International Airport,CMN
Blaise Diagne International Airport,DSS
Lpold SÃ©dar Senghor International Airport,DKR
NouakchottâOumtounsy International Airport,NKC
Amcar Cabral International Airport,SID
Addis Ababa Bole International Airport,ADD
Egal International Airport,HGA
Cairo International Airport,CAI
Hurghada International Airport,HRG
Luxor International Airport,LXR
Jomo Kenyatta International Airport,NBO
Mombasa Moi International Airport,MBA
Tripoli International Airport,TIP
Kigali International Airport,KGL
Juba International Airport,JUB
Khartoum International Airport,KRT
Julius Nyerere International Airport,DAR
Abeid Amani Karume International Airport,ZNZ
Entebbe International Airport,EBB
Aji Pangeran Tumenggung Pranoto International Airport,AAP
Albuquerque International Sunport,ABQ
Joint Base Andrews,ADW
Fort Worth Alliance Airport,AFW
Augusta Regional At Bush Field,AGS
Rick Husband Amarillo International Airport,AMA
Hartsfield Jackson Atlanta International Airport,ATL
Austin Bergstrom International Airport,AUS
Asheville Regional Airport,AVL
Beale Air Force Base,BAB
Barksdale Air Force Base,BAD
Bradley International Airport,BDL
Boeing Field King County International Airport,BFI
Bangor International Airport,BGR
Birmingham-Shuttlesworth International Airport,BHM
Billings Logan International Airport,BIL
Scott AFB/Midamerica Airport,BLV
Central Illinois Regional Airport at Bloomington-Normal,BMI
Nashville International Airport,BNA
Boise Air Terminal/Gowen Field,BOI
General Edward Lawrence Logan International Airport,BOS
Buffalo Niagara International Airport,BUF
Baltimore/Washington International Thurgood Marshall Airport,BWI
Columbia Metropolitan Airport,CAE
Columbus Air Force Base,CBM
Lovell Field,CHA
Charleston Air Force Base-International Airport,CHS
The Eastern Iowa Airport,CID
Cleveland Hopkins International Airport,CLE
Charlotte Douglas International Airport,CLT
John Glenn Columbus International Airport,CMH
City of Colorado Springs Municipal Airport,COS
Corpus Christi International Airport,CRP
Yeager Airport,CRW
Cincinnati Northern Kentucky International Airport,CVG
Cannon Air Force Base,CVS
Daytona Beach International Airport,DAB
Dallas Love Field,DAL
James M Cox Dayton International Airport,DAY
Dubuque Regional Airport,DBQ
Ronald Reagan Washington National Airport,DCA
Denver International Airport,DEN
Dallas Fort Worth International Airport,DFW
DLF Airport,DLF
Duluth International Airport,DLH
Dover Air Force Base,DOV
Des Moines International Airport,DSM
Detroit Metropolitan Wayne County Airport,DTW
Dyess Air Force Base,DYS
Edwards Air Force Base,EDW
Vance Air Force Base,END
Erie International Tom Ridge Field,ERI
Newark Liberty International Airport,EWR
Wright-Patterson Air Force Base,FFO
Fort Lauderdale Hollywood International Airport,FLL
Fort Smith Regional Airport,FSM
Fort Worth Meacham International Airport,FTW
Fort Wayne International Airport,FWA
Spokane International Airport,GEG
Gulfport Biloxi International Airport,GPT
Austin Straubel International Airport,GRB
Seymour Johnson Air Force Base,GSB
Piedmont Triad International Airport,GSO
Greenville Spartanburg International Airport,GSP
Grissom Air Reserve Base,GUS
Range Regional Airport,HIB
Holloman Air Force Base,HMN
William P Hobby Airport,HOU
Huntsville International Carl T Jones Field,HSV
Tri-State/Milton J. Ferguson Field,HTS
Washington Dulles International Airport,IAD
George Bush Intercontinental Houston Airport,IAH
Wichita Eisenhower National Airport,ICT
Indianapolis International Airport,IND
Jackson-Medgar Wiley Evers International Airport,JAN
Jacksonville International Airport,JAX
John F Kennedy International Airport,JFK
Joplin Regional Airport,JLN
McCarran International Airport,LAS
Los Angeles International Airport,LAX
Lubbock Preston Smith International Airport,LBB
Rickenbacker International Airport,LCK
Blue Grass Airport,LEX
Langley Air Force Base,LFI
Lafayette Regional Airport,LFT
La Guardia Airport,LGA
Bill Hillary Clinton National Airport/Adams Field,LIT
Altus Air Force Base,LTS
Luke Air Force Base,LUF
MBS International Airport,MBS
Mac Dill Air Force Base,MCF
Kansas City International Airport,MCI
Orlando International Airport,MCO
Chicago Midway International Airport,MDW
Memphis International Airport,MEM
Dobbins Air Reserve Base,MGE
Montgomery Regional (Dannelly Field) Airport,MGM
Manchester-Boston Regional Airport,MHT
Miami International Airport,MIA
General Mitchell International Airport,MKE
Quad City International Airport,MLI
Monroe Regional Airport,MLU
Mobile Regional Airport,MOB
Dane County Regional Truax Field,MSN
Minneapolis-St Paul International/Wold-Chamberlain Airport,MSP
Louis Armstrong New Orleans International Airport,MSY
Mountain Home Air Force Base,MUO
Metropolitan Oakland International Airport,OAK
Will Rogers World Airport,OKC
Eppley Airfield,OMA
Ontario International Airport,ONT
Chicago OHare International Airport,ORD
Norfolk International Airport,ORF
Tyndall Air Force Base,PAM
Palm Beach International Airport,PBI
Portland International Airport,PDX
Newport News Williamsburg International Airport,PHF
Philadelphia International Airport,PHL
Phoenix Sky Harbor International Airport,PHX
General Wayne A. Downing Peoria International Airport,PIA
Pittsburgh International Airport,PIT
Theodore Francis Green State Airport,PVD
Portland International Jetport,PWM
Raleigh Durham International Airport,RDU
Chicago Rockford International Airport,RFD
Richmond International Airport,RIC
Randolph Air Force Base,RND
Reno Tahoe International Airport,RNO
RoanokeâBlacksburg Regional Airport,ROA
Greater Rochester International Airport,ROC
Rochester International Airport,RST
Southwest Florida International Airport,RSW
San Diego International Airport,SAN
San Antonio International Airport,SAT
Savannah Hilton Head International Airport,SAV
South Bend Regional Airport,SBN
Louisville Muhammad Ali International Airport,SDF
Seattle Tacoma International Airport,SEA
Orlando Sanford International Airport,SFB
San Francisco International Airport,SFO
Springfield Branson National Airport,SGF
Norman Y. Mineta San Jose International Airport,SJC
Fairchild Air Force Base,SKA
Salt Lake City International Airport,SLC
Sacramento International Airport,SMF
John Wayne Airport-Orange County Airport,SNA
Abraham Lincoln Capital Airport,SPI
Sheppard Air Force Base-Wichita Falls Municipal Airport,SPS
Sarasota Bradenton International Airport,SRQ
Shaw Air Force Base,SSC
St Louis Lambert International Airport,STL
Spirit of St Louis Airport,SUS
Travis Air Force Base,SUU
Sioux Gateway Airport/Brigadier General Bud Day Field,SUX
Syracuse Hancock International Airport,SYR
Whiteman Air Force Base,SZL
McChord Air Force Base,TCM
Tinker Air Force Base,TIK
Tallahassee Regional Airport,TLH
Toledo Express Airport,TOL
Tampa International Airport,TPA
Tri-Cities Regional TN/VA Airport,TRI
Tulsa International Airport,TUL
Tucson International Airport / Morris Air National Guard Base,TUS
McGhee Tyson Airport,TYS
Vandenberg Air Force Base,VBG
Destin-Ft Walton Beach Airport,VPS
Robins Air Force Base,WRB
Tirana International Airport Mother Teresa,TIA
Burgas Airport,BOJ
Sofia Airport,SOF
Varna Airport,VAR
Larnaca International Airport,LCA
Paphos International Airport,PFO
RAF Akrotiri,AKT
Zagreb Airport,ZAG
Alicante International Airport,ALC
Barcelona International Airport,BCN
Adolfo SuÃ¡rez MadridâBarajas Airport,MAD
MÃ¡laga Airport,AGP
Palma De Mallorca Airport,PMI
Santiago de Compostela Airport,SCQ
Bordeaux-MÃ©rignac Airport,BOD
Toulouse-Blagnac Airport,TLS
Lyon Saint-ExupÃ©ry Airport,LYS
Marseille Provence Airport,MRS
Nice-CÃ´te dAzur Airport,NCE
Avord (BA 702) Air Base,
Charles de Gaulle International Airport,CDG
Paris-Orly Airport,ORY
EuroAirport Basel-Mulhouse-Freiburg Airport,BSL
Eleftherios Venizelos International Airport,ATH
Heraklion International Nikos Kazantzakis Airport,HER
Thessaloniki Macedonia International Airport,SKG
Budapest Liszt Ferenc International Airport,BUD
Bari Karol WojtyÅa Airport,BRI
Catania-Fontanarossa Airport,CTA
FalconeâBorsellino Airport,PMO
Cagliari Elmas Airport,CAG
Malpensa International Airport,MXP
Il Caravaggio International Airport,BGY
Turin Airport,TRN
Genoa Cristoforo Colombo Airport,GOA
Milano Linate Airport,LIN
Bologna Guglielmo Marconi Airport,BLQ
Treviso-SantAngelo Airport,TSF
Verona Villafranca Airport,VRN
Venice Marco Polo Airport,VCE
CiampinoâG. B. Pastine International Airport,CIA
Leonardo da VinciâFiumicino Airport,FCO
Naples International Airport,NAP
Pisa International Airport,PSA
Ljubljana JoÅ¾e PuÄnik Airport,LJU
VÃ¡clav Havel Airport Prague,PRG
Ben Gurion International Airport,TLV
Ovda International Airport,VDA
Malta International Airport,MLA
Vienna International Airport,VIE
Faro Airport,FAO
Lajes Airport,TER
JoÃ£o Paulo II Airport,PDL
Francisco de SÃ¡ Carneiro Airport,OPO
Humberto Delgado Airport (Lisbon Portela Airport),LIS
Sarajevo International Airport,SJJ
Henri CoandÄ International Airport,OTP
Geneva Cointrin International Airport,GVA
Zurich Airport,ZRH
EsenboÄa International Airport,ESB
Adana Airport,ADA
Antalya International Airport,AYT
Gaziantep International Airport,GZT
Atatrk International Airport,ISL
Adnan Menderes International Airport,ADB
Dalaman International Airport,DLM
Erzurum International Airport,ERZ
Trabzon International Airport,TZX
Seyman Demirel International Airport,ISE
Milas Bodrum International Airport,BJV
Sabiha Gen International Airport,SAW
Istanbul Airport,IST
Skopje International Airport,SKP
Belgrade Nikola Tesla Airport,BEG
Podgorica Airport,TGD
M. R. Å tefÃ¡nik Airport,BTS
Punta Cana International Airport,PUJ
Las Amricas International Airport,SDQ
La Aurora Airport,GUA
Norman Manley International Airport,KIN
General Juan N Alvarez International Airport,ACA
Don Miguel Hidalgo Y Costilla International Airport,GDL
General Ignacio P. Garcia International Airport,HMO
Licenciado Benito Juarez International Airport,MEX
General Mariano Escobedo International Airport,MTY
Licenciado Gustavo DÃ­az Ordaz International Airport,PVR
Los Cabos International Airport,SJD
General Abelardo L. RodrÃ­guez International Airport,TIJ
CancÃºn International Airport,CUN
Tocumen International Airport,PTY
Daniel Oduber Quiros International Airport,LIR
MonseÃ±or Ãscar Arnulfo Romero International Airport,SAL
Jo© MartInternational Airport,HAV
Juan Gualberto Gomez International Airport,VRA
Owen Roberts International Airport,GCM
Lynden Pindling International Airport,NAS
Philip S. W. Goldson International Airport,BZE
Rarotonga International Airport,RAR
Faaa International Airport,PPT
Auckland International Airport,AKL
Christchurch International Airport,CHC
Wellington International Airport,WLG
Bahrain International Airport,BAH
King Fahd International Airport,DMM
King Abdulaziz Air Base,DHA
King Abdulaziz International Airport,JED
Prince Mohammad Bin Abdulaziz Airport,MED
King Khaled International Airport,RUH
Imam Khomeini International Airport,IKA
Mehrabad International Airport,THR
Mashhad International Airport,MHD
Shiraz Shahid Dastghaib International Airport,SYZ
Tabriz International Airport,TBZ
Queen Alia International Airport,AMM
Kuwait International Airport,KWI
Beirut Rafic Hariri International Airport,BEY
Duqm International Airport,DQM
Rustaq Airport,MNH
Abu Dhabi International Airport,AUH
Dubai International Airport,DXB
Al Maktoum International Airport,DWC
Sharjah International Airport,SHJ
Muscat International Airport,MCT
Islamabad International Airport,ISB
Sialkot Airport,SKT
Baghdad International Airport,BGW
Basrah International Airport,BSR
Aleppo International Airport,ALP
Damascus International Airport,DAM
Bassel Al-Assad International Airport,LTK
Hamad International Airport,DOH
Fairbanks International Airport,FAI
Ted Stevens Anchorage International Airport,ANC
Antonio B. Won Pat International Airport,PGUM
Laguindingan Airport,CGY
Northern Cagayan International Airport,
Daniel K Inouye International Airport,HNL
Tamim Airbase,
Kinmen Airport,KNH
Kaohsiung International Airport,KHH
Taiwan Taoyuan International Airport,TPE
Narita International Airport,NRT
Kansai International Airport,KIX
New Chitose Airport,CTS
Fukuoka Airport,FUK
Kagoshima Airport,KOJ
Chubu Centrair International Airport,NGO
Mt. Fuji Shizuoka Airport,FSZ
Osaka International Airport,ITM
Tokyo Haneda International Airport,RJTT
Yokota Air Base,OKO
Muan International Airport,MWX
Kunsan Air Base,KUV
Jeju International Airport,CJU
Gimhae International Airport,PUS
Incheon International Airport,ICN
Osan Air Base,OSN
Gimpo International Airport,GMP
Cheongju International Airport/Cheongju Air Base (K-59/G-513),CJJ
Naha Airport,OKA
Kadena Air Base,DNA
Diosdado Macapagal International Airport,CRK
Ninoy Aquino International Airport,RPLL
Francisco Bangoy International Airport,DVO
Mactan Cebu International Airport,CEB
Lipetsk Air Base,
Grozny North Airport,GRV
Ukrainka Air Base,
Olenya Air Base,
Financial Services business and personal loans no collateral require,
Ministro Pistarini International Airport,EZE
Val de Cans/JÃºlio Cezar Ribeiro International Airport,BEL
Presidente Juscelino Kubistschek International Airport,BSB
Tancredo Neves International Airport,CNF
Afonso Pena Airport,CWB
Eduardo Gomes International Airport,MAO
HercÃ­lio Luz International Airport,FLN
Rio GaleÃ£o â Tom Jobim International Airport,GIG
Guarulhos - Governador AndrÃ© Franco Montoro International Airport,GRU
Governador AluÃ­zio Alves International Airport,NAT
Congonhas Airport,CGH
Deputado Luiz Eduardo MagalhÃ£es International Airport,SSA
Comodoro Arturo Merino BenÃ­tez International Airport,SCL
Cotopaxi International Airport,LTX
Mariscal Sucre International Airport,UIO
El Dorado International Airport,BOG
Viru Viru International Airport,VVI
Jorge ChÃ¡vez International Airport,LIM
Alejandro Velasco Astete International Airport,CUZ
Carrasco International /General C L Berisso Airport,MVD
General JosÃ© Antonio Anzoategui International Airport,BLA
SimÃ³n BolÃ­var International Airport,CCS
Pointe-Ã -Pitre Le Raizet,PTP
Luis Munoz Marin International Airport,SJU
Enfidha - Hammamet International Airport,NBE
Princess Juliana International Airport,SXM
Ãukurova Airport,
Almaty Airport,ALA
Astana International Airport,TSE
Manas International Airport,FRU
Sary-Arka Airport,KGF
Heydar Aliyev International Airport,GYD
Zvartnots International Airport,EVN
Tbilisi International Airport,TBS
Khabarovsk-Novy Airport,KHV
Boryspil International Airport,KBP
Simferopol International Airport,SIP
Kharkiv International Airport,HRK
Odessa International Airport,ODS
Pulkovo Airport,LED
Minsk National Airport,MSQ
Yemelyanovo Airport,KJA
Tolmachevo Airport,OVB
Platov International Airport,ROV
Sochi International Airport,AER
Koltsovo Airport,SVX
Ashgabat International Airport,ASB
Tashkent International Airport,TAS
Zhukovsky International Airport,ZIA
Domodedovo International Airport,DME
Sheremetyevo International Airport,SVO
Vnukovo International Airport,VKO
Kazan International Airport,KZN
Borisoglebskoye Airport,
Ufa International Airport,UFA
Kurumoch International Airport,KUF
Chhatrapati Shivaji International Airport,BOM
Dabolim Airport,GOI
Bandaranaike International Colombo Airport,CMB
Mattala Rajapaksa International Airport,HRI
Phnom Penh International Airport,PNH
Siem Reap International Airport,REP
Netaji Subhash Chandra Bose International Airport,CCU
Hazrat Shahjalal International Airport,DAC
Hong Kong International Airport,HKG
Sri Guru Ram Dass Jee International Airport,ATQ
Indira Gandhi International Airport,DEL
Macau International Airport,MFM
Tribhuvan International Airport,KTM
Kempegowda International Airport,BLR
Cochin International Airport,COK
Calicut International Airport,CCJ
Rajiv Gandhi International Airport,HYD
Chennai International Airport,MAA
Trivandrum International Airport,TRV
MalÃ© International Airport,MLE
Don Mueang International Airport,DMK
Suvarnabhumi Airport,BKK
Chiang Mai International Airport,CNX
Phuket International Airport,HKT
Da Nang International Airport,DAD
Noi Bai International Airport,HAN
Tan Son Nhat International Airport,SGN
Mandalay International Airport,MDL
Yangon International Airport,RGN
Hasanuddin International Airport,UPG
Ngurah Rai (Bali) International Airport,DPS
Sentani International Airport,DJJ
Juanda International Airport,SUB
Dominique Edward Osok Airport,SOQ
Brunei International Airport,BWN
Soekarno-Hatta International Airport,CGK
Kualanamu International Airport,KNO
Kuala Lumpur International Airport,KUL
Singapore Changi Airport,SIN
Brisbane International Airport,BNE
Melbourne International Airport,MEL
Yantai Penglai International Airport,YNT
Adelaide International Airport,ADL
Perth International Airport,PER
Canberra International Airport,CBR
Sydney Kingsford Smith International Airport,SYD
Beijing Capital International Airport,PEK
Beijing Daxing International Airport,PKX
Baita International Airport,HET
Beijing Nanyuan Airport,NAY
Tianjin Binhai International Airport,TSN
Taiyuan Wusu Airport,TYN
Guangzhou Baiyun International Airport,CAN
Changsha Huanghua International Airport,CSX
Guilin Liangjiang International Airport,KWL
Nanning Wuxu Airport,NNG
Shenzhen Baoan International Airport,SZX
Zhengzhou Xinzheng International Airport,CGO
Wuhan Tianhe International Airport,WUH
Haikou Meilan International Airport,HAK
Sanya Phoenix International Airport,SYX
Xian Xianyang International Airport,XIY
Ulaanbaatar International Airport,UBN
Buyant-Ukhaa International Airport,ULN
Kunming Changshui International Airport,KMG
Xiamen Gaoqi International Airport,XMN
Fuzhou Changle International Airport,FOC
Hangzhou Xiaoshan International Airport,HGH
Yaoqiang Airport,TNA
Ningbo Lishe International Airport,NGB
Nanjing Lukou Airport,NKG
Shanghai Pudong International Airport,PVG
Shanghai Hongqiao International Airport,SHA
Wenzhou Longwan International Airport,WNZ
Chongqing Jiangbei International Airport,CKG
Longdongbao Airport,KWE
Chengdu Shuangliu International Airport,CTU
rmqi Diwopu International Airport,URC
Taiping Airport,HRB
Zhoushuizi Airport,DLC
Taoxian Airport,SHE 
